"","wb2021","Business as usual","Progress_Salt reduction","Aspirational_Salt reduction","Progress","Progress_Antihypertensive therapy","Aspirational_Antihypertensive therapy","Aspirational","historic"
"1","LIC",-0.131562859786372,-0.147277699639818,-0.15990434027653,-0.29319269305097,-0.282659035217727,-0.382798097172327,-0.39620718385523,-0.277380513558359
"2","LMIC",-0.111125372839024,-0.129575453388546,-0.14738834929602,-0.241203733614057,-0.228750504514206,-0.306954209617412,-0.324715006982,-0.262365589183039
"3","UMIC",-0.151865720061222,-0.166258601252256,-0.180375204670208,-0.244850262521427,-0.235381061571204,-0.294362059454852,-0.307161630459183,-0.441978990259907
"4","HIC",-0.0626902799910535,-0.0678341563484425,-0.0728852390215802,-0.0822839021438521,-0.0779775258543162,-0.100517476805872,-0.106509905458652,-0.356890970460678
