"","wb2021","Business as usual","Progress_Salt reduction","Aspirational_Salt reduction","Progress","Progress_Antihypertensive therapy","Aspirational_Antihypertensive therapy","Aspirational","historic"
"1","LIC",-0.127607228002669,-0.143212518569218,-0.155703047019642,-0.288528446719706,-0.278062286939898,-0.377783232216698,-0.391106210144139,-0.242569748208775
"2","LMIC",-0.113572672768743,-0.132077825105854,-0.149947451462223,-0.243746977581126,-0.231244324479248,-0.309753834835986,-0.327580194769396,-0.262928113765356
"3","UMIC",-0.162368799918085,-0.177060565034433,-0.191468604816337,-0.257643368822016,-0.247999629369646,-0.3078041824389,-0.320853345278366,-0.459988495944026
"4","HIC",-0.0723098836220666,-0.0771180023678684,-0.081842685446384,-0.0902500209414486,-0.0862047083552277,-0.107455919418806,-0.11304737899236,-0.364706704338095
